<?xml version="1.0" encoding="UTF-8"?>
<root><options><autoincrement>12</autoincrement></options><fields><name/><link/><target/><order/><category/></fields><menu><id>1</id><uid>30152dec4d</uid><name>Главная</name><link>home</link><category/><target/><order>1</order></menu><menu><id>6</id><uid>2bd2db9939</uid><name>Цены</name><link>/oops</link><category/><target/><order>3</order></menu><menu><id>7</id><uid>90f39730ea</uid><name>Ночные турниры</name><link>/oops</link><category/><target/><order>4</order></menu><menu><id>8</id><uid>da7e598887</uid><name>Корпоративы</name><link>/oops</link><category/><target/><order>6</order></menu><menu><id>9</id><uid>78783afa1c</uid><name>Детские праздники</name><link>/oops</link><category/><target/><order>5</order></menu><menu><id>10</id><uid>e8bbb755e1</uid><name>Отзывы</name><link>/oops</link><category/><target/><order>7</order></menu><menu><id>11</id><uid>ec808a43f3</uid><name>Контакты</name><link>/oops</link><category/><target/><order>8</order></menu><menu><id>12</id><uid>ffd18423fe</uid><name>Описание</name><link>/oops</link><category/><target/><order>2</order></menu></root>
