<?xml version="1.0" encoding="UTF-8"?>
<root><options><autoincrement>9</autoincrement></options><fields><slug/><robots_index/><robots_follow/><template/><title/><meta_title/><tags/><parent/><status/><description/><keywords/><content/><date/><author/><expand/><access/></fields><pages><id>1</id><uid>ffa3ab3863</uid><content/><slug>error404</slug><robots_index>index</robots_index><robots_follow>follow</robots_follow><template>bubble-usual</template><parent/><status>published</status><title>error404</title><description/><keywords/><date>1328270400</date><author>admin21233</author><access>public</access><meta_title/><tags/></pages><pages><id>5</id><uid>b9c22d2554</uid><content/><slug>home</slug><template>index</template><parent/><status>published</status><access>public</access><expand>0</expand><robots_index>index</robots_index><robots_follow>follow</robots_follow><title>Главная</title><meta_title>Бампербол</meta_title><description/><keywords/><tags/><date>1437835364</date><author>admin21233</author></pages><pages><id>6</id><uid>af803b4ad4</uid><content/><slug>kids</slug><template>bubble-kids</template><parent/><status>published</status><access>public</access><expand>0</expand><robots_index>index</robots_index><robots_follow>follow</robots_follow><title>Детские праздники</title><meta_title/><description/><keywords/><tags/><date>1437861055</date><author>artvorobyev</author></pages><pages><id>7</id><uid>f8e53db142</uid><content/><slug>night</slug><template>bubble-night</template><parent/><status>published</status><access>public</access><expand>0</expand><robots_index>index</robots_index><robots_follow>follow</robots_follow><title>Ночные турниры</title><meta_title/><description/><keywords/><tags/><date>1437867988</date><author>artvorobyev</author></pages><pages><id>8</id><uid>19d7842753</uid><content/><slug>price</slug><template>bubble-price</template><parent/><status>published</status><access>public</access><expand>0</expand><robots_index>index</robots_index><robots_follow>follow</robots_follow><title>Цены</title><meta_title/><description/><keywords/><tags/><date>1437909287</date><author>artvorobyev</author></pages><pages><id>9</id><uid>b6abba19dc</uid><content/><slug>description</slug><template>bubble-descr</template><parent/><status>published</status><access>public</access><expand>0</expand><robots_index>index</robots_index><robots_follow>follow</robots_follow><title>Описание</title><meta_title/><description/><keywords/><tags/><date>1437929861</date><author>admin21233</author></pages></root>
