<?xml version="1.0" encoding="UTF-8"?>
<root><options><autoincrement>3</autoincrement></options><fields><login/><password/><email/><role/><date_registered/><firstname/><lastname/><login/><twitter/><skype/><hash/><about_me/></fields><users><id>1</id><uid>1aabca7278</uid><password>0658b9c42ad9f1b1e49ba6dd0ff303a0</password><hash>FqKklX1Vvu80</hash><date_registered>1437738104</date_registered><login>DimenteriousFox</login><firstname/><lastname/><email>mrlisdim@yandex.ru</email><skype/><twitter/><about_me/><role>admin</role></users><users><id>2</id><uid>1e540a3ddf</uid><password>dc9e586ac118097183441decb60a009a</password><hash>gIsOPhhqpX2h</hash><date_registered>1437765751</date_registered><login>admin21233</login><firstname/><lastname/><email>xezuz@ubismail.net</email><skype/><twitter/><about_me/><role>editor</role></users><users><id>3</id><uid>62ebc78857</uid><firstname/><lastname/><twitter/><skype/><about_me/><login>artvorobyev</login><password>6461f6b9901816f1d4d6ea4329333e4d</password><email>79062272107@yandex.ru</email><hash>Y3zwaHDOvu5y</hash><date_registered>1437834961</date_registered><role>admin</role></users></root>
