<?xml version="1.0" encoding="UTF-8"?>
<root><options><autoincrement>18</autoincrement></options><fields><slug/><robots_index/><robots_follow/><template/><title/><meta_title/><tags/><parent/><status/><description/><keywords/><content/><date/><author/><expand/><access/></fields><pages><id>1</id><uid>ffa3ab3863</uid><content/><slug>error404</slug><robots_index>noindex</robots_index><robots_follow>nofollow</robots_follow><template>bubble-all</template><parent/><status>published</status><title>error404</title><description/><keywords/><date>1328270400</date><author>DimenteriousFox</author><access>public</access><meta_title/><tags/></pages><pages><id>5</id><uid>b9c22d2554</uid><content/><slug>home</slug><template>bubble-all</template><parent/><status>published</status><access>public</access><expand>0</expand><robots_index>index</robots_index><robots_follow>follow</robots_follow><title>Главная</title><meta_title>Футбол в шарах в Санкт-Петербурге</meta_title><description>Bubble Park - футбол в шарах в Санкт-Петербурге. Активный и веселый отдых! Новые эмоции и незабываемые ощущения.</description><keywords>футбол в шарах, бампербол, футбол в зорбах, зорбы, zorbs, bumperball, bamperball, футбол в zorbs, активный спорт, активный отдых, день рождения, корпоратив</keywords><tags>футбол в шарах, бампербол, футбол в зорбах, зорбы, zorbs, bumperball, bamperball, футбол в zorbs, активный спорт, активный отдых, день рождения, корпоратив</tags><date>1437835364</date><author>admin21233</author></pages><pages><id>6</id><uid>af803b4ad4</uid><content/><slug>kids</slug><template>bubble-all</template><parent/><status>published</status><access>public</access><expand>0</expand><robots_index>index</robots_index><robots_follow>follow</robots_follow><title>Детские праздники</title><meta_title>Детские праздники</meta_title><description>Bubble Park - футбол в шарах в Санкт-Петербурге. Организация детских праздников для активных детей!</description><keywords>футбол в шарах, бампербол, футбол в зорбах, зорбы, zorbs, bumperball, bamperball, футбол в zorbs, активный спорт, активный отдых, день рождения, корпоратив</keywords><tags/><date>1437861055</date><author>admin21233</author></pages><pages><id>7</id><uid>f8e53db142</uid><content/><slug>night</slug><template>bubble-all</template><parent/><status>published</status><access>public</access><expand>0</expand><robots_index>index</robots_index><robots_follow>follow</robots_follow><title>Ночные турниры</title><meta_title/><description/><keywords/><tags/><date>1437867988</date><author>admin21233</author></pages><pages><id>8</id><uid>19d7842753</uid><content/><slug>price</slug><template>bubble-all</template><parent/><status>published</status><access>public</access><expand>0</expand><robots_index>index</robots_index><robots_follow>follow</robots_follow><title>Цены</title><meta_title>Цены</meta_title><description>Bubble Park - футбол в шарах в Санкт-Петербурге. Активный и веселый отдых! Новые эмоции и незабываемые ощущения.</description><keywords>футбол в шарах, бампербол, футбол в зорбах, зорбы, zorbs, bumperball, bamperball, футбол в zorbs, дешево, скидки, sales, промоакции, активный спорт, активный отдых, день рождения, корпоратив</keywords><tags>футбол в шарах, бампербол, футбол в зорбах, зорбы, zorbs, bumperball, bamperball, футбол в zorbs, активный спорт, активный отдых, день рождения, корпоратив</tags><date>1437909287</date><author>admin21233</author></pages><pages><id>9</id><uid>b6abba19dc</uid><content/><slug>descr</slug><template>bubble-all</template><parent/><status>published</status><access>public</access><expand>0</expand><robots_index>index</robots_index><robots_follow>follow</robots_follow><title>Описание</title><meta_title>Описание</meta_title><description>Bubble Park - футбол в шарах в Санкт-Петербурге. Активный и веселый отдых! Новые эмоции и незабываемые ощущения.</description><keywords>футбол в шарах, бампербол, футбол в зорбах, зорбы, zorbs, bumperball, bamperball, футбол в zorbs, активный спорт, активный отдых, день рождения, корпоратив</keywords><tags/><date>1437929861</date><author>admin21233</author></pages><pages><id>10</id><uid>1e3900f9f2</uid><content/><slug>teambuilding</slug><template>bubble-all</template><parent/><status>published</status><access>public</access><expand>0</expand><robots_index>index</robots_index><robots_follow>follow</robots_follow><title>Корпоративы</title><meta_title>Корпоративы</meta_title><description>Bubble Park - футбол в шарах в Санкт-Петербурге. Проведение незабываемых корпоративов! Новые эмоции и экстремальные ощущения.</description><keywords>футбол в шарах, бампербол, футбол в зорбах, зорбы, zorbs, bumperball, bamperball, футбол в zorbs, активный спорт, активный отдых, день рождения, корпоратив</keywords><tags/><date>1438780995</date><author>admin21233</author></pages><pages><id>11</id><uid>596b6f9790</uid><content/><slug>contact</slug><template>bubble-all</template><parent/><status>published</status><access>public</access><expand>0</expand><robots_index>index</robots_index><robots_follow>follow</robots_follow><title>Контакты</title><meta_title>Контакты</meta_title><description>Bubble Park - футбол в шарах в Санкт-Петербурге. Активный и веселый отдых! Новые эмоции и незабываемые ощущения.</description><keywords>футбол в шарах, бампербол, футбол в зорбах, зорбы, zorbs, bumperball, bamperball, футбол в zorbs, активный спорт, активный отдых, день рождения, корпоратив</keywords><tags/><date>1438781268</date><author>admin21233</author></pages><pages><id>12</id><uid>060d62f9b8</uid><content/><slug>feedback</slug><template>bubble-all</template><parent/><status>published</status><access>public</access><expand>0</expand><robots_index>index</robots_index><robots_follow>follow</robots_follow><title>Отзывы</title><meta_title>Отзывы</meta_title><description>Bubble Park - футбол в шарах в Санкт-Петербурге. Активный и веселый отдых! Новые эмоции и незабываемые ощущения.</description><keywords>футбол в шарах, бампербол, футбол в зорбах, зорбы, zorbs, bumperball, bamperball, футбол в zorbs, активный спорт, активный отдых, день рождения, корпоратив</keywords><tags/><date>1438781406</date><author>admin21233</author></pages><pages><id>18</id><uid>62ff61b33b</uid><content/><slug>tournament1-clone-20150830-143818-clone-20150830-145335</slug><template>tournament</template><parent>night</parent><robots_index>index</robots_index><robots_follow>follow</robots_follow><status>published</status><access>public</access><expand>0</expand><title>Турнир 05 сентября</title><meta_title/><description/><keywords/><tags/><date>1440023435</date><author>admin21233</author></pages></root>
