<?xml version="1.0" encoding="UTF-8"?>
<root><options><autoincrement>11</autoincrement></options><fields><name/><link/><target/><order/><category/></fields><menu><id>1</id><uid>30152dec4d</uid><name>Главная</name><link>home</link><category/><target/><order>1</order></menu><menu><id>5</id><uid>7762a36396</uid><name>Описание</name><link>description</link><category/><target/><order>2</order></menu><menu><id>6</id><uid>2bd2db9939</uid><name>Цены</name><link>price</link><category/><target/><order>3</order></menu><menu><id>7</id><uid>90f39730ea</uid><name>Ночные турниры</name><link>night</link><category/><target/><order>4</order></menu><menu><id>8</id><uid>da7e598887</uid><name>Корпоративы</name><link>teambuilding</link><category/><target/><order>6</order></menu><menu><id>9</id><uid>78783afa1c</uid><name>Детские праздники</name><link>kids</link><category/><target/><order>5</order></menu><menu><id>10</id><uid>e8bbb755e1</uid><name>Отзывы</name><link>guestbook</link><category/><target/><order>7</order></menu><menu><id>11</id><uid>ec808a43f3</uid><name>Контакты</name><link>contacts</link><category/><target/><order>8</order></menu></root>
