<?xml version="1.0" encoding="UTF-8"?>
<root><options><autoincrement>1</autoincrement></options><fields><login/><password/><email/><role/><date_registered/><firstname/><lastname/><login/><twitter/><skype/><hash/><about_me/></fields><users><id>1</id><uid>1aabca7278</uid><firstname/><lastname/><twitter/><skype/><about_me/><login>admin24351</login><password>0658b9c42ad9f1b1e49ba6dd0ff303a0</password><email>kisteddy@gmail.com</email><hash>FqKklX1Vvu80</hash><date_registered>1437738104</date_registered><role>admin</role></users></root>
