<?xml version="1.0" encoding="UTF-8"?>
<root><options><autoincrement>21</autoincrement></options><fields><name/><value/></fields><options><id>1</id><uid>527510b419</uid><name>sitename</name><value>Bubble Park</value></options><options><id>2</id><uid>5fe7b20ebb</uid><name>keywords</name><value>футбол в шарах, бампербол, футбол в зорбах, зорбы, zorbs, bumperball, bamperball, футбол в zorbs, активный спорт, активный отдых, день рождения, корпоратив</value></options><options><id>3</id><uid>2996da0de2</uid><name>description</name><value>Bubble Park - футбол в шарах в Санкт-Петербурге. Активный и веселый отдых! Новые эмоции и незабываемые ощущения.</value></options><options><id>4</id><uid>4056d724b8</uid><name>slogan</name><value/></options><options><id>5</id><uid>620d3e963e</uid><name>defaultpage</name><value>home</value></options><options><id>6</id><uid>6c9cd389f6</uid><name>siteurl</name><value>http://bubble-park.ru</value></options><options><id>7</id><uid>2db8769b1e</uid><name>timezone</name><value>Europe/Moscow</value></options><options><id>8</id><uid>a0b440adce</uid><name>language</name><value>ru</value></options><options><id>9</id><uid>d7bd60ad05</uid><name>maintenance_status</name><value>off</value></options><options><id>10</id><uid>c415980d92</uid><name>maintenance_message</name><value>&lt;h1&gt;Сайт в разработке&lt;/h1&gt;</value></options><options><id>11</id><uid>4c4e8f0aa8</uid><name>theme_site_name</name><value>default</value></options><options><id>12</id><uid>4c4e8f0aa8</uid><name>theme_admin_name</name><value>default</value></options><options><id>12</id><uid>4c4e8f0aa8</uid><name>users_frontend_registration</name><value>false</value></options><options><id>18</id><uid>f469fc791c</uid><name>captcha_installed</name><value>true</value></options><options><id>19</id><uid>f119fc791c</uid><name>system_email</name><value>kisteddy@gmail.com info@bubble-park.ru</value></options><options><id>20</id><uid>f119fc121c</uid><name>styles_version</name><value>82</value></options><options><id>21</id><uid>f119fc133c</uid><name>javascript_version</name><value>5</value></options></root>
